id,first_name,last_name,email,gender,ip_address
1,Rafaellle,Gabbott,rgabbott0@theguardian.com,Male,
2,Ellerey,Gudgion,egudgion1@seattletimes.com,Male,207.26.67.233
3,Lionello,Timmermann,ltimmermann2@aol.com,Male,131.92.198.132
4,Alva,Burnell,aburnell3@smh.com.au,Male,158.10.101.170
5,Dur,Dulanty,ddulanty4@cmu.edu,Male,238.153.6.253
6,Rosette,Luckwell,rluckwell5@ft.com,Female,238.74.117.233
7,Mariann,Rabbage,mrabbage6@examiner.com,Female,24.32.60.170
8,Tisha,Medley,tmedley7@amazonaws.com,Female,117.137.133.43
9,Crawford,McVrone,cmcvrone8@360.cn,Agender,
10,Amelia,Smales,asmales9@latimes.com,Female,218.60.58.152
11,Quincey,Flute,qflutea@sogou.com,Male,4.174.224.122
12,Orly,Suthworth,osuthworthb@4shared.com,Female,200.0.170.202
13,Gene,McMackin,gmcmackinc@plala.or.jp,Male,212.182.41.255
14,Clotilda,Hawkshaw,chawkshawd@princeton.edu,Female,151.189.200.43
15,Hank,Bamlett,hbamlette@histats.com,Male,
16,Clemmy,Sinclair,csinclairf@dot.gov,Male,
17,Simonne,Christoforou,schristoforoug@sina.com.cn,Female,184.13.161.222
18,Pam,Lante,planteh@wordpress.org,Female,94.190.105.3
19,Esma,Cairns,ecairnsi@odnoklassniki.ru,Female,
20,Hamid,Bilney,hbilneyj@google.fr,Bigender,73.207.96.231
21,Felice,Shoorbrooke,fshoorbrookek@umn.edu,Male,56.11.105.106
22,Armand,Scrafton,ascraftonl@ovh.net,Male,202.101.143.32
23,Gui,Love,glovem@ocn.ne.jp,Female,141.50.169.218
24,Madelena,Caldera,mcalderan@vimeo.com,Female,141.83.209.0
25,Abbey,Dankov,adankovo@ftc.gov,Male,54.51.44.224
26,Granville,De Mattia,gdemattiap@ask.com,Male,160.100.111.142
27,Ailbert,Lawlan,alawlanq@pen.io,Male,142.223.181.203
28,Sheff,Bramont,sbramontr@skype.com,Polygender,
29,Hunfredo,Chessil,hchessils@creativecommons.org,Male,119.191.65.48
30,Rea,Eglaise,reglaiset@xinhuanet.com,Female,
31,Kerby,Cassin,kcassinu@businesswire.com,Genderfluid,237.178.121.183
32,Connor,Jouanet,cjouanetv@jugem.jp,Male,24.59.225.159
33,Brandie,Joyson,bjoysonw@jigsy.com,Bigender,56.44.180.208
34,Chicky,Ockwell,cockwellx@1und1.de,Male,213.133.17.149
35,Balduin,McCarthy,bmccarthyy@berkeley.edu,Male,
36,Marthena,Ebbrell,mebbrellz@themeforest.net,Female,
37,Honoria,Routledge,hroutledge10@php.net,Female,103.255.176.179
38,Pyotr,Vashchenko,pvashchenko11@icq.com,Male,
39,Janela,Haxell,jhaxell12@toplist.cz,Female,198.99.50.98
40,Petronia,Dunbobbin,pdunbobbin13@unicef.org,Female,
41,Harriette,Ardling,hardling14@example.com,Female,59.126.14.106
42,Giavani,Chew,gchew15@globo.com,Male,160.44.144.231
43,Freddi,Fairebrother,ffairebrother16@live.com,Female,13.83.233.228
44,Fran,Birkby,fbirkby17@blinklist.com,Female,140.114.117.111
45,Claire,Thurley,cthurley18@nydailynews.com,Male,195.98.131.3
46,Jeremiah,Clemmey,jclemmey19@dion.ne.jp,Male,45.69.118.50
47,Lanna,Atton,latton1a@jimdo.com,Female,75.224.83.67
48,Etty,Dare,edare1b@nba.com,Female,126.185.192.172
49,Curcio,Bullimore,cbullimore1c@amazon.co.jp,Male,
50,Nanice,Ibbs,nibbs1d@is.gd,Female,137.125.136.153
51,Delinda,Bondy,dbondy1e@merriam-webster.com,Female,117.117.139.161
52,Emlynne,Gennrich,egennrich1f@csmonitor.com,Non-binary,41.238.9.55
53,Corina,Eickhoff,ceickhoff1g@tuttocitta.it,Female,221.234.86.174
54,Coletta,Gaunson,cgaunson1h@webs.com,Female,125.232.235.202
55,Domenic,Cheavin,dcheavin1i@1688.com,Male,94.108.104.7
56,Antonia,Augur,aaugur1j@hugedomains.com,Female,103.140.224.105
57,Cissiee,Gonin,cgonin1k@ed.gov,Female,254.53.166.185
58,Heida,Curner,hcurner1l@theguardian.com,Female,140.114.168.66
59,Randell,Chitson,rchitson1m@google.ca,Male,199.230.185.21
60,Randolf,Ollerhead,rollerhead1n@sourceforge.net,Male,106.101.172.172
61,Mildred,Teodorski,mteodorski1o@weather.com,Female,192.164.254.140
62,Carlotta,Hercock,chercock1p@bloglines.com,Female,40.164.246.126
63,Stafani,Valenta,svalenta1q@indiegogo.com,Bigender,84.205.251.118
64,Sammy,Lermouth,slermouth1r@etsy.com,Male,102.186.90.149
65,Bowie,Talkington,btalkington1s@wikispaces.com,Male,208.177.183.218
66,Wayland,Caddie,wcaddie1t@facebook.com,Agender,177.85.144.225
67,Kathleen,Niave,kniave1u@accuweather.com,Female,
68,Gabriel,Straine,gstraine1v@hatena.ne.jp,Female,13.168.224.1
69,Binny,Ferreres,bferreres1w@wunderground.com,Female,113.27.220.21
70,Linoel,McChruiter,lmcchruiter1x@geocities.jp,Male,72.200.24.212
71,Giffy,Newbery,gnewbery1y@cbslocal.com,Male,207.120.2.118
72,Amelina,Stockey,astockey1z@linkedin.com,Female,209.60.177.253
73,Billy,Luno,bluno20@histats.com,Male,9.105.104.22
74,Beaufort,Thorndycraft,bthorndycraft21@shinystat.com,Male,121.37.204.229
75,Isaac,Jennaroy,ijennaroy22@posterous.com,Male,221.203.228.137
76,Jeanine,Gergler,jgergler23@multiply.com,Female,247.88.96.83
77,Dale,Messenger,dmessenger24@vkontakte.ru,Female,221.10.133.241
78,Petunia,Kelby,pkelby25@hubpages.com,Female,
79,Codie,Mansel,cmansel26@abc.net.au,Non-binary,97.100.161.223
80,Rochester,Okeshott,rokeshott27@nytimes.com,Male,103.164.183.43
81,Joshia,Goodison,jgoodison28@ftc.gov,Male,86.64.20.136
82,Nowell,Bonnier,nbonnier29@samsung.com,Male,11.191.244.69
83,Grannie,Christophers,gchristophers2a@webmd.com,Male,119.223.117.192
84,Onofredo,Biagini,obiagini2b@hp.com,Male,152.52.168.39
85,Gan,Jellett,gjellett2c@time.com,Male,149.18.152.40
86,Davis,Josefsohn,djosefsohn2d@senate.gov,Male,151.61.152.56
87,Jone,Barniss,jbarniss2e@forbes.com,Male,197.95.195.217
88,Afton,Woloschin,awoloschin2f@harvard.edu,Female,107.72.215.56
89,Byrann,Rowling,browling2g@cnn.com,Male,23.233.93.41
90,Suzie,Kordas,skordas2h@tiny.cc,Female,241.32.181.171
91,Madeline,Du Fray,mdufray2i@twitter.com,Genderfluid,203.226.192.47
92,Garvey,Maplestone,gmaplestone2j@msu.edu,Male,9.191.175.172
93,Ania,Oldridge,aoldridge2k@naver.com,Female,72.49.98.222
94,Sophi,Gurling,sgurling2l@scribd.com,Female,
95,Alina,Kilkenny,akilkenny2m@amazon.de,Female,113.42.215.57
96,Catriona,Thursby,cthursby2n@dyndns.org,Female,223.50.3.45
97,Deanna,Fruin,dfruin2o@vimeo.com,Female,107.110.141.107
98,Griselda,Dumberell,gdumberell2p@mapquest.com,Female,
99,Sherill,McNellis,smcnellis2q@bloomberg.com,Female,84.136.115.95
100,Alick,Merryman,amerryman2r@senate.gov,Male,195.241.126.185
101,Bartlet,Champley,bchampley2s@miibeian.gov.cn,Male,99.86.226.155
102,Geraldine,Perotti,gperotti2t@aol.com,Female,
103,Crissie,Bibey,cbibey2u@sbwire.com,Female,
104,Raynell,Dupree,rdupree2v@army.mil,Female,
105,Sande,Rubie,srubie2w@163.com,Female,202.175.131.7
106,Marline,Elen,melen2x@pbs.org,Female,101.149.204.1
107,Hendrick,Jenner,hjenner2y@digg.com,Male,228.208.237.120
108,Arda,Hallaways,ahallaways2z@state.tx.us,Female,36.32.237.27
109,Roslyn,Poel,rpoel30@slideshare.net,Female,126.53.100.141
110,Ellary,Senton,esenton31@opera.com,Male,108.226.52.121
111,Jeremie,Tolomelli,jtolomelli32@hexun.com,Male,94.136.119.115
112,Vern,Fishley,vfishley33@scientificamerican.com,Male,243.237.181.119
113,Vivian,Houlton,vhoulton34@cbsnews.com,Bigender,
114,Elisha,Owbridge,eowbridge35@cnn.com,Polygender,75.206.182.221
115,Amaleta,Thumnel,athumnel36@cnet.com,Female,30.162.66.80
116,Enriqueta,Seaborne,eseaborne37@mapy.cz,Female,123.103.132.128
117,Vasili,Tainton,vtainton38@moonfruit.com,Male,
118,Gan,Woodyear,gwoodyear39@webeden.co.uk,Male,232.4.22.18
119,Kristian,MacCombe,kmaccombe3a@accuweather.com,Male,40.169.192.134
120,Bone,Varty,bvarty3b@dell.com,Male,254.40.181.198
121,Roseanne,Leverton,rleverton3c@sun.com,Female,135.95.175.224
122,Dodie,Kell,dkell3d@cmu.edu,Female,154.217.134.17
123,Allyson,Nel,anel3e@blinklist.com,Female,
124,Kale,Kohnen,kkohnen3f@sohu.com,Male,192.91.244.107
125,Elia,Jeffes,ejeffes3g@bbc.co.uk,Male,12.8.52.224
126,Cecilla,Schiesterl,cschiesterl3h@bloglines.com,Female,201.14.70.121
127,Buiron,Keenan,bkeenan3i@psu.edu,Male,177.71.227.181
128,Nicolai,Routham,nroutham3j@google.ru,Male,90.163.252.157
129,Marylynne,Hullot,mhullot3k@liveinternet.ru,Female,
130,Elonore,Poleykett,epoleykett3l@cdbaby.com,Female,136.243.216.164
131,Kirk,Lydford,klydford3m@hatena.ne.jp,Male,
132,Guendolen,Hanham,ghanham3n@indiegogo.com,Female,194.253.192.52
133,Cece,Widdecombe,cwiddecombe3o@so-net.ne.jp,Male,216.234.135.165
134,Renaud,Ivanshintsev,rivanshintsev3p@disqus.com,Male,103.139.119.141
135,Ev,Junkinson,ejunkinson3q@dyndns.org,Male,
136,Vannie,Schellig,vschellig3r@opensource.org,Female,16.178.28.241
137,Gian,Defond,gdefond3s@ft.com,Male,130.99.111.93
138,Melinde,Keatch,mkeatch3t@skype.com,Female,
139,Lilas,Doog,ldoog3u@sphinn.com,Female,12.18.202.109
140,Ilysa,Cicculi,icicculi3v@indiegogo.com,Female,
141,Kenneth,Robelow,krobelow3w@hexun.com,Genderqueer,52.167.254.189
142,Bryon,Muddicliffe,bmuddicliffe3x@opera.com,Male,55.116.164.22
143,Noemi,Colthard,ncolthard3y@yale.edu,Female,207.108.216.254
144,Conrad,Meron,cmeron3z@about.com,Male,128.91.135.214
145,Karoline,McLoughlin,kmcloughlin40@icio.us,Female,45.176.2.209
146,Carolin,Metcalfe,cmetcalfe41@1und1.de,Female,45.222.152.178
147,Napoleon,Heinlein,nheinlein42@skyrock.com,Male,11.96.99.75
148,Andras,Bollini,abollini43@gov.uk,Male,75.49.176.79
149,Virgil,Totterdell,vtotterdell44@infoseek.co.jp,Male,
150,Gan,Hamlen,ghamlen45@nasa.gov,Genderfluid,53.159.58.65
151,Shirl,McVicar,smcvicar46@goodreads.com,Female,54.29.175.225
152,Chev,Slocombe,cslocombe47@google.de,Male,214.226.13.74
153,Coraline,Gissing,cgissing48@angelfire.com,Female,
154,Keriann,Idenden,kidenden49@prweb.com,Female,29.199.221.59
155,Bastien,Goodbar,bgoodbar4a@edublogs.org,Male,182.198.218.90
156,Charlena,Scola,cscola4b@ca.gov,Female,140.1.205.34
157,Claudian,Guidetti,cguidetti4c@paypal.com,Male,135.48.190.209
158,Elyssa,Ordidge,eordidge4d@gizmodo.com,Female,48.169.100.69
159,Myca,Le Friec,mlefriec4e@tripadvisor.com,Male,230.168.180.248
160,Garey,Managh,gmanagh4f@t.co,Genderfluid,213.237.144.234
161,Renie,Winpenny,rwinpenny4g@behance.net,Female,88.146.111.248
162,Cinda,Bavidge,cbavidge4h@liveinternet.ru,Female,
163,Doretta,Fricker,dfricker4i@prweb.com,Female,243.5.229.142
164,Raynor,Greetham,rgreetham4j@oakley.com,Male,75.222.93.156
165,Dionisio,Jirka,djirka4k@altervista.org,Polygender,127.131.229.184
166,Jephthah,Pardie,jpardie4l@dion.ne.jp,Male,
167,Merwin,Sogg,msogg4m@360.cn,Male,187.95.139.79
168,Starlin,Drepp,sdrepp4n@gmpg.org,Female,
169,Amandy,Hellwich,ahellwich4o@disqus.com,Female,136.194.123.159
170,Luci,McConnel,lmcconnel4p@wp.com,Female,231.43.43.20
171,Daven,Arenson,darenson4q@sun.com,Male,
172,Skye,Fillimore,sfillimore4r@ucla.edu,Male,54.34.87.248
173,Melosa,Pierse,mpierse4s@army.mil,Agender,
174,James,Chicchelli,jchicchelli4t@dailymail.co.uk,Male,125.19.199.28
175,Elsey,Hofler,ehofler4u@stumbleupon.com,Female,27.151.167.91
176,Alexandro,Prozescky,aprozescky4v@seattletimes.com,Male,42.36.41.63
177,Dennie,Consterdine,dconsterdine4w@go.com,Agender,173.169.255.135
178,Kendrick,Blampy,kblampy4x@istockphoto.com,Male,7.142.142.27
179,Lion,Cogman,lcogman4y@printfriendly.com,Male,
180,Zerk,Killik,zkillik4z@netlog.com,Male,159.204.111.197
181,Raffarty,Woolard,rwoolard50@wsj.com,Male,154.144.152.64
182,Ogdon,Hanney,ohanney51@smugmug.com,Male,169.165.123.86
183,Darren,Marlon,dmarlon52@hud.gov,Male,55.122.138.5
184,Lorie,Fawdrey,lfawdrey53@wordpress.com,Female,101.187.146.10
185,Ariela,Rude,arude54@baidu.com,Female,29.78.50.140
186,Vladimir,Wedlake,vwedlake55@ucsd.edu,Male,81.135.254.164
187,Farly,Siggins,fsiggins56@comcast.net,Male,109.99.232.69
188,Valerye,Austing,vausting57@ameblo.jp,Non-binary,247.237.158.180
189,Tilly,Danelet,tdanelet58@51.la,Female,
190,Theadora,Spenceley,tspenceley59@squarespace.com,Non-binary,120.207.110.159
191,Thadeus,Chessel,tchessel5a@t.co,Male,168.190.146.148
192,Eleni,Furby,efurby5b@irs.gov,Female,147.156.134.243
193,Corine,Dundendale,cdundendale5c@businessinsider.com,Bigender,
194,Bucky,Wressell,bwressell5d@bing.com,Male,
195,Finley,Tyrrell,ftyrrell5e@flavors.me,Male,135.184.246.165
196,Reg,Tabary,rtabary5f@google.co.uk,Male,
197,Kalindi,Cuniam,kcuniam5g@ted.com,Female,211.219.69.210
198,Wilhelmine,Buterton,wbuterton5h@mapquest.com,Female,111.3.175.155
199,Roth,Bluett,rbluett5i@foxnews.com,Male,92.246.58.168
200,Lauritz,Swanwick,lswanwick5j@mac.com,Male,24.145.189.38
201,Ade,Rudyard,arudyard5k@creativecommons.org,Agender,241.38.231.22
202,Darcie,Franey,dfraney5l@yandex.ru,Female,131.78.49.75
203,Lacy,Izatson,lizatson5m@nymag.com,Female,140.233.177.32
204,Nichols,Josum,njosum5n@nba.com,Male,
205,Karalee,Meier,kmeier5o@tiny.cc,Female,66.22.211.253
206,Luce,Caurah,lcaurah5p@surveymonkey.com,Female,64.165.45.127
207,Teddy,Cuddihy,tcuddihy5q@mail.ru,Male,104.240.157.245
208,Jeanelle,Limpricht,jlimpricht5r@ocn.ne.jp,Genderfluid,168.19.156.72
209,Novelia,Giraudy,ngiraudy5s@sina.com.cn,Female,74.178.159.201
210,Madelle,Wauchope,mwauchope5t@huffingtonpost.com,Female,83.245.54.142
211,Peyter,Benettini,pbenettini5u@wordpress.org,Male,
212,Avrit,Sobtka,asobtka5v@upenn.edu,Female,
213,Ozzie,Chitter,ochitter5w@google.co.uk,Male,102.248.252.32
214,Jan,Falcus,jfalcus5x@discuz.net,Male,105.38.94.94
215,Binky,Husher,bhusher5y@artisteer.com,Male,141.132.226.217
216,Cece,Pugh,cpugh5z@people.com.cn,Male,
217,Chlo,Chessil,cchessil60@usatoday.com,Female,15.204.30.120
218,Donia,Draper,ddraper61@webeden.co.uk,Female,17.122.239.2
219,Barde,Kinforth,bkinforth62@redcross.org,Male,
220,Leora,Harcombe,lharcombe63@tripadvisor.com,Female,164.92.169.232
221,Micheil,Kleinplatz,mkleinplatz64@dell.com,Agender,
222,Aindrea,Ickovicz,aickovicz65@chicagotribune.com,Female,30.150.37.203
223,Joelynn,Tivenan,jtivenan66@constantcontact.com,Genderfluid,
224,Catherina,Lackie,clackie67@stanford.edu,Female,107.53.95.80
225,Marlin,Dandie,mdandie68@elegantthemes.com,Male,169.20.140.174
226,Meriel,Lubeck,mlubeck69@smugmug.com,Female,13.232.30.95
227,Blinni,Monnelly,bmonnelly6a@nature.com,Female,
228,Eleanor,Dodwell,edodwell6b@hp.com,Female,65.220.92.12
229,Hyacinthia,Honniebal,hhonniebal6c@themeforest.net,Female,25.148.243.51
230,Margi,Stolz,mstolz6d@tripod.com,Female,66.215.172.163
231,Sallyanne,Cree,scree6e@qq.com,Female,30.130.242.180
232,Leigh,Duffan,lduffan6f@soundcloud.com,Male,87.12.210.200
233,Eula,Clissold,eclissold6g@amazonaws.com,Female,
234,Ilysa,Lasslett,ilasslett6h@imgur.com,Female,
235,Darnall,Dumbrall,ddumbrall6i@state.gov,Male,108.107.229.86
236,Cassie,Lillywhite,clillywhite6j@privacy.gov.au,Female,
237,Bob,Beaby,bbeaby6k@goodreads.com,Male,193.203.73.79
238,Leeann,Cheverton,lcheverton6l@dmoz.org,Female,180.13.145.188
239,Anson,Aizikowitz,aaizikowitz6m@youku.com,Male,145.168.203.4
240,Martie,Fleis,mfleis6n@thetimes.co.uk,Female,132.127.170.227
241,Elaina,Jacobowitz,ejacobowitz6o@creativecommons.org,Female,20.238.131.188
242,Quintin,McWilliam,qmcwilliam6p@oaic.gov.au,Male,240.147.79.204
243,Morlee,Manueau,mmanueau6q@skyrock.com,Male,225.47.13.24
244,Tedda,Vigne,tvigne6r@t-online.de,Female,146.64.226.70
245,Adriano,Daniellot,adaniellot6s@issuu.com,Male,3.195.196.233
246,Annelise,Andren,aandren6t@tiny.cc,Female,105.204.195.119
247,Wilburt,Norley,wnorley6u@indiatimes.com,Male,16.29.72.12
248,Dmitri,Perse,dperse6v@edublogs.org,Male,224.75.38.250
249,Lief,Sunley,lsunley6w@sun.com,Male,168.238.74.231
250,Rodolph,Ellin,rellin6x@reddit.com,Male,201.246.125.89
251,Sheilakathryn,D'eath,sdeath6y@shinystat.com,Female,151.31.112.83
252,Jacky,Flowitt,jflowitt6z@berkeley.edu,Male,246.224.26.151
253,Mercie,Coweuppe,mcoweuppe70@51.la,Non-binary,153.11.31.115
254,Moshe,Morstatt,mmorstatt71@google.com.br,Male,185.227.190.211
255,Lonnie,Fussell,lfussell72@cmu.edu,Female,223.118.107.95
256,Tersina,Hayworth,thayworth73@google.co.uk,Female,208.213.246.123
257,Adelina,Giovanardi,agiovanardi74@marketwatch.com,Female,131.57.112.108
258,Josi,Alps,jalps75@domainmarket.com,Female,23.154.192.161
259,Vanny,Das,vdas76@tumblr.com,Female,64.199.180.100
260,Sigismondo,Waud,swaud77@spotify.com,Male,156.37.22.178
261,Mechelle,Tomaino,mtomaino78@patch.com,Female,198.173.117.204
262,Kary,Morgan,kmorgan79@youtu.be,Female,71.216.108.99
263,Sheff,Shillito,sshillito7a@spotify.com,Male,111.182.185.68
264,Verena,Bence,vbence7b@plala.or.jp,Genderfluid,
265,Gusti,Norssister,gnorssister7c@google.co.uk,Female,120.180.251.236
266,Haroun,Brims,hbrims7d@vimeo.com,Male,139.158.85.36
267,Devin,Robertucci,drobertucci7e@sciencedirect.com,Female,51.193.141.142
268,Orelle,Ambrogelli,oambrogelli7f@netvibes.com,Female,53.145.151.106
269,Wini,Krzysztofiak,wkrzysztofiak7g@walmart.com,Agender,213.51.195.143
270,Marnie,Robelet,mrobelet7h@marriott.com,Female,
271,Jeff,Gobbett,jgobbett7i@arizona.edu,Male,230.251.0.107
272,Montgomery,Seater,mseater7j@woothemes.com,Male,54.75.123.91
273,Holden,Petyt,hpetyt7k@un.org,Male,157.183.49.158
274,Cynthy,Klesl,cklesl7l@forbes.com,Bigender,246.204.185.185
275,Melita,Quinet,mquinet7m@digg.com,Female,52.234.221.128
276,Harry,Brodnecke,hbrodnecke7n@cargocollective.com,Male,212.255.1.168
277,Paige,Cornwell,pcornwell7o@cafepress.com,Male,
278,Morris,Staig,mstaig7p@amazon.co.jp,Male,111.25.42.211
279,Erskine,Frosch,efrosch7q@dropbox.com,Male,228.2.49.28
280,Mureil,Breewood,mbreewood7r@cbc.ca,Polygender,
281,Jacklyn,Barmadier,jbarmadier7s@ed.gov,Female,123.243.250.124
282,Kristopher,Hindhaugh,khindhaugh7t@example.com,Male,234.76.167.46
283,Wes,Pley,wpley7u@google.com.hk,Male,39.10.10.224
284,Josie,Ham,jham7v@biblegateway.com,Female,68.27.108.26
285,Nadia,Joannet,njoannet7w@mozilla.com,Female,243.54.30.125
286,Jerrine,Howler,jhowler7x@paypal.com,Female,194.217.24.122
287,Mata,Berrie,mberrie7y@aol.com,Male,
288,Lois,Jessel,ljessel7z@edublogs.org,Female,181.99.207.232
289,Iosep,Loukes,iloukes80@feedburner.com,Male,100.108.30.102
290,Nadiya,Kynge,nkynge81@adobe.com,Female,130.132.114.178
291,Corissa,Kasper,ckasper82@purevolume.com,Genderfluid,
292,Edee,Vidgeon,evidgeon83@yahoo.co.jp,Female,88.23.233.121
293,Norry,Snadden,nsnadden84@discuz.net,Male,54.48.56.196
294,Janek,Kall,jkall85@cam.ac.uk,Male,161.65.111.85
295,Fernandina,Karp,fkarp86@hud.gov,Female,102.186.249.221
296,Haydon,Dennes,hdennes87@sfgate.com,Genderfluid,140.40.161.161
297,Claus,Deignan,cdeignan88@hostgator.com,Male,45.50.162.235
298,Blanch,Acory,bacory89@xinhuanet.com,Female,101.77.247.107
299,Oran,Parffrey,oparffrey8a@guardian.co.uk,Male,
300,Bernadine,Simmins,bsimmins8b@lycos.com,Female,
301,Niki,Goudard,ngoudard8c@bbc.co.uk,Female,152.87.230.207
302,Eduard,Digan,edigan8d@guardian.co.uk,Male,152.194.171.89
303,Marta,Dodwell,mdodwell8e@simplemachines.org,Female,
304,Freida,Jeynes,fjeynes8f@devhub.com,Female,71.3.14.41
305,Aurel,Booty,abooty8g@disqus.com,Female,143.16.249.128
306,Mead,Strike,mstrike8h@live.com,Female,99.64.239.103
307,Nicolis,Paolone,npaolone8i@macromedia.com,Male,139.221.176.47
308,Vita,Comi,vcomi8j@w3.org,Female,3.30.90.215
309,Marlow,Bridgewater,mbridgewater8k@ftc.gov,Male,184.73.165.67
310,Faydra,Isard,fisard8l@lulu.com,Female,
311,Goldi,Reede,greede8m@jiathis.com,Genderqueer,8.45.254.175
312,Constantin,MacCartney,cmaccartney8n@lycos.com,Male,
313,Kristofer,Bethel,kbethel8o@ibm.com,Male,
314,Emmeline,Bonefant,ebonefant8p@istockphoto.com,Female,103.247.22.22
315,Guilbert,Colleford,gcolleford8q@networksolutions.com,Male,144.50.57.189
316,Melli,Gurnay,mgurnay8r@shinystat.com,Female,165.16.169.162
317,Baudoin,Besque,bbesque8s@cisco.com,Male,80.52.21.42
318,Omero,Leggan,oleggan8t@nyu.edu,Male,8.178.107.148
319,Belvia,Burress,bburress8u@ca.gov,Female,176.9.248.237
320,Artur,Orpyne,aorpyne8v@t-online.de,Male,48.234.207.186
321,Terri,MacLardie,tmaclardie8w@arstechnica.com,Female,
322,Hazlett,Licciardiello,hlicciardiello8x@cdbaby.com,Genderfluid,
323,Tani,Bensen,tbensen8y@ft.com,Female,125.245.218.80
324,Ambrosi,McCarver,amccarver8z@ebay.com,Male,198.72.41.196
325,Vinny,Tourle,vtourle90@yandex.ru,Polygender,174.194.198.239
326,Edie,Thurley,ethurley91@instagram.com,Genderfluid,
327,Melony,Cannan,mcannan92@hostgator.com,Female,177.101.90.101
328,Bradford,Ibanez,bibanez93@spotify.com,Male,142.98.169.110
329,Toddy,Leak,tleak94@eepurl.com,Male,208.69.132.164
330,Johnathan,Davoren,jdavoren95@sina.com.cn,Male,
331,Aggi,Bracey,abracey96@parallels.com,Female,72.158.160.146
332,Kit,Slowgrove,kslowgrove97@indiegogo.com,Female,
333,Celina,Smallwood,csmallwood98@dyndns.org,Female,172.144.21.239
334,Amara,Hollyman,ahollyman99@disqus.com,Female,137.6.126.48
335,Marylinda,Deyes,mdeyes9a@columbia.edu,Female,199.210.13.166
336,Tam,Orrum,torrum9b@twitpic.com,Male,
337,Poppy,Olle,polle9c@scribd.com,Female,
338,Bjorn,Asling,basling9d@pbs.org,Male,143.94.96.160
339,Maurita,Robotham,mrobotham9e@deliciousdays.com,Female,91.225.96.123
340,Costa,Carty,ccarty9f@kickstarter.com,Male,
341,Otho,Morsley,omorsley9g@altervista.org,Male,150.126.243.189
342,Melloney,Cavie,mcavie9h@scientificamerican.com,Female,
343,Coriss,Denacamp,cdenacamp9i@themeforest.net,Female,
344,Natalee,Kerne,nkerne9j@blogtalkradio.com,Female,32.11.132.72
345,Cobb,Kilgour,ckilgour9k@yellowpages.com,Male,177.148.62.199
346,Justin,Tumielli,jtumielli9l@trellian.com,Male,
347,Launce,Soltan,lsoltan9m@go.com,Male,6.111.21.99
348,Caresa,Archdeacon,carchdeacon9n@dmoz.org,Female,182.3.65.91
349,Kikelia,Pittendreigh,kpittendreigh9o@slashdot.org,Female,151.230.101.50
350,Delainey,Flemmich,dflemmich9p@upenn.edu,Genderfluid,49.86.249.53
351,Langsdon,Kunisch,lkunisch9q@apple.com,Male,
352,Krystle,Georgins,kgeorgins9r@cmu.edu,Female,
353,Lenci,Tring,ltring9s@psu.edu,Male,51.31.5.228
354,Tracy,Leathe,tleathe9t@vinaora.com,Female,126.121.16.195
355,Eleni,Garey,egarey9u@indiegogo.com,Female,41.26.183.81
356,Shurwood,Adamovich,sadamovich9v@nba.com,Polygender,20.114.217.17
357,Orton,McCaighey,omccaighey9w@sakura.ne.jp,Male,198.100.203.166
358,Conan,Paolacci,cpaolacci9x@youku.com,Male,10.24.173.94
359,Ali,Shufflebotham,ashufflebotham9y@hhs.gov,Male,146.96.187.120
360,Eolanda,Cluett,ecluett9z@moonfruit.com,Genderfluid,
361,Aleta,Berends,aberendsa0@census.gov,Female,
362,Demetris,Sear,dseara1@usgs.gov,Female,224.185.182.142
363,Merill,Creswell,mcreswella2@slashdot.org,Male,122.216.146.130
364,Rubin,Stennings,rstenningsa3@umich.edu,Male,230.248.156.139
365,Franciskus,Senn,fsenna4@psu.edu,Male,130.123.94.33
366,Anderea,Wilshere,awilsherea5@marriott.com,Female,181.123.40.166
367,Thornie,Ianitti,tianittia6@virginia.edu,Male,
368,Lexie,Norsworthy,lnorsworthya7@cyberchimps.com,Female,231.42.38.90
369,Lind,Thornber,lthornbera8@wikipedia.org,Agender,121.38.44.246
370,Koren,Rosenzwig,krosenzwiga9@oakley.com,Female,
371,Blythe,Langcaster,blangcasteraa@alexa.com,Female,78.58.19.98
372,Balduin,Lansley,blansleyab@macromedia.com,Male,164.46.118.24
373,Terrell,Brothers,tbrothersac@jigsy.com,Male,201.80.208.144
374,Jannelle,Pill,jpillad@springer.com,Genderfluid,
375,Laural,MacCambridge,lmaccambridgeae@irs.gov,Female,117.32.146.82
376,Rik,MacColgan,rmaccolganaf@japanpost.jp,Male,83.148.4.133
377,Florinda,Lechelle,flechelleag@jugem.jp,Female,99.92.202.129
378,Mayer,Dreschler,mdreschlerah@ucoz.ru,Male,
379,Paolina,Tinn,ptinnai@geocities.com,Female,23.78.150.149
380,Cristi,Fenemore,cfenemoreaj@fema.gov,Female,9.19.111.240
381,Sim,Arrow,sarrowak@gnu.org,Male,144.180.189.95
382,Abby,Floyde,afloydeal@usnews.com,Female,91.32.155.24
383,Ashton,Beckett,abeckettam@yandex.ru,Male,
384,Carmela,Gwynn,cgwynnan@usnews.com,Bigender,172.4.138.40
385,Rodger,Shuter,rshuterao@dagondesign.com,Male,254.170.182.209
386,Susanna,Larn,slarnap@amazon.co.uk,Female,
387,Ignace,Abrahami,iabrahamiaq@latimes.com,Male,252.5.108.33
388,Sigismond,Dominichetti,sdominichettiar@netlog.com,Male,211.16.168.116
389,Viki,Prinnett,vprinnettas@sun.com,Female,206.208.14.219
390,Linnell,Twopenny,ltwopennyat@ftc.gov,Female,183.197.212.160
391,Ruggiero,Drinkall,rdrinkallau@wiley.com,Male,125.84.174.12
392,Marley,Girhard,mgirhardav@ocn.ne.jp,Female,
393,Culley,Whight,cwhightaw@i2i.jp,Male,103.227.223.70
394,Kattie,Habden,khabdenax@cmu.edu,Female,103.68.8.203
395,Ricky,Auten,rautenay@hatena.ne.jp,Female,114.167.141.64
396,Abagail,Kearns,akearnsaz@ycombinator.com,Female,119.255.10.90
397,Joby,Grennan,jgrennanb0@boston.com,Female,136.125.134.213
398,Ansel,Challenor,achallenorb1@lulu.com,Genderfluid,
399,Chick,Davion,cdavionb2@google.cn,Male,112.142.175.24
400,George,Evesque,gevesqueb3@techcrunch.com,Male,
401,Flora,Reucastle,freucastleb4@youku.com,Non-binary,175.16.196.47
402,Evangelia,Jimpson,ejimpsonb5@bigcartel.com,Female,146.106.168.200
403,Massimo,Halfhead,mhalfheadb6@google.ca,Male,
404,Saidee,Duetschens,sduetschensb7@creativecommons.org,Agender,62.139.184.223
405,Hillary,McGillicuddy,hmcgillicuddyb8@360.cn,Female,178.116.136.196
406,Flem,Georgel,fgeorgelb9@cam.ac.uk,Male,40.179.232.146
407,Earl,Howison,ehowisonba@washington.edu,Genderqueer,
408,Matthaeus,Halward,mhalwardbb@diigo.com,Male,141.92.99.112
409,Bobbee,Perago,bperagobc@smh.com.au,Female,142.61.115.205
410,Wilton,Beekmann,wbeekmannbd@netlog.com,Male,223.233.23.122
411,Maria,Guitton,mguittonbe@ehow.com,Female,196.25.110.118
412,Verney,Beazer,vbeazerbf@so-net.ne.jp,Male,
413,Wenona,Pinfold,wpinfoldbg@jalbum.net,Female,
414,Hedwiga,Pragnall,hpragnallbh@360.cn,Non-binary,197.220.89.174
415,Shanna,Orrell,sorrellbi@bravesites.com,Female,203.55.196.97
416,Delmore,Uman,dumanbj@jalbum.net,Male,91.10.142.7
417,Myer,Normanville,mnormanvillebk@cyberchimps.com,Male,169.107.179.80
418,Bartie,Capes,bcapesbl@msu.edu,Male,208.255.100.163
419,Ally,Lowy,alowybm@stumbleupon.com,Female,99.40.156.138
420,Catriona,Baumer,cbaumerbn@elpais.com,Female,
421,Michele,Arghent,marghentbo@stanford.edu,Female,68.155.78.1
422,Seana,Hailes,shailesbp@gizmodo.com,Female,61.167.53.8
423,Jemie,Mackerel,jmackerelbq@wisc.edu,Female,167.28.54.10
424,Deirdre,Groarty,dgroartybr@house.gov,Female,0.99.35.88
425,Terrence,Coon,tcoonbs@phoca.cz,Male,216.49.155.214
426,Dmitri,Deevey,ddeeveybt@techcrunch.com,Male,237.122.142.159
427,Mariya,Pattie,mpattiebu@theatlantic.com,Bigender,58.190.44.80
428,Mart,Aasaf,maasafbv@feedburner.com,Male,70.226.178.176
429,Elmira,Bothbie,ebothbiebw@oakley.com,Female,209.152.115.193
430,Ned,Haughton,nhaughtonbx@ezinearticles.com,Polygender,112.197.230.86
431,Sonja,Gwynn,sgwynnby@wikia.com,Female,123.195.26.185
432,Ozzy,Pott,opottbz@printfriendly.com,Male,
433,Shara,Doornbos,sdoornbosc0@usnews.com,Female,188.180.105.149
434,Karmen,Hurley,khurleyc1@chronoengine.com,Female,106.142.137.72
435,Sandy,Plomer,splomerc2@msn.com,Polygender,20.218.188.32
436,Huey,Ghelardoni,hghelardonic3@huffingtonpost.com,Male,126.143.216.78
437,Harrison,Cornelisse,hcornelissec4@opensource.org,Male,
438,Scarlet,Baleine,sbaleinec5@myspace.com,Non-binary,
439,Em,Scrowton,escrowtonc6@rakuten.co.jp,Male,111.58.29.242
440,Imelda,Lemarie,ilemariec7@acquirethisname.com,Female,134.31.150.181
441,Levey,Kittiman,lkittimanc8@topsy.com,Male,54.183.58.242
442,Nelli,Cattrall,ncattrallc9@icq.com,Female,
443,Lynnelle,Haynesford,lhaynesfordca@tumblr.com,Non-binary,64.101.49.35
444,Glynnis,Sonnenschein,gsonnenscheincb@icio.us,Female,246.235.207.85
445,Tamqrah,Ortsmann,tortsmanncc@sitemeter.com,Female,98.175.168.255
446,Devin,Stockle,dstocklecd@etsy.com,Male,165.207.253.145
447,Corry,Seares,csearesce@cpanel.net,Female,128.91.188.154
448,Amerigo,Whorlow,awhorlowcf@weibo.com,Male,193.36.46.53
449,Grayce,Fulton,gfultoncg@nih.gov,Female,
450,Ike,Barthelet,ibartheletch@nifty.com,Male,
451,Orbadiah,Beardshaw,obeardshawci@globo.com,Male,
452,Barbette,Eyam,beyamcj@answers.com,Female,
453,Raquela,Mallabund,rmallabundck@goo.ne.jp,Female,20.86.124.162
454,Thane,Stearndale,tstearndalecl@a8.net,Male,243.158.37.18
455,Westleigh,Maylin,wmaylincm@nyu.edu,Male,3.5.59.2
456,Andros,Kausche,akauschecn@1und1.de,Male,255.98.213.71
457,Murvyn,Squibe,msquibeco@marketwatch.com,Male,54.249.32.59
458,Ainslie,Lymbourne,alymbournecp@theguardian.com,Female,
459,Bettine,Eliez,beliezcq@weebly.com,Female,111.8.206.197
460,Beauregard,Mayler,bmaylercr@theatlantic.com,Male,77.41.122.4
461,Maximilian,Andreopolos,mandreopoloscs@cloudflare.com,Genderqueer,
462,Bevon,Marciek,bmarciekct@parallels.com,Male,239.222.49.133
463,Frants,Arends,farendscu@java.com,Male,240.86.49.61
464,Trisha,Tipler,ttiplercv@51.la,Genderqueer,33.38.103.188
465,Milissent,Rodger,mrodgercw@weibo.com,Female,176.150.13.212
466,Esdras,Sutherden,esutherdencx@washingtonpost.com,Genderfluid,255.31.96.253
467,Torry,Castelli,tcastellicy@liveinternet.ru,Male,20.255.234.217
468,Elva,McCurlye,emccurlyecz@spotify.com,Female,47.30.20.7
469,Pru,Norsister,pnorsisterd0@guardian.co.uk,Female,
470,Galven,Schneider,gschneiderd1@fastcompany.com,Male,244.100.234.3
471,Mikkel,Reoch,mreochd2@usatoday.com,Male,
472,Ralf,McGillecole,rmcgillecoled3@chicagotribune.com,Male,18.38.242.89
473,Murry,Volage,mvolaged4@umich.edu,Male,33.163.174.25
474,Yule,Skayman,yskaymand5@ameblo.jp,Genderfluid,
475,Alexandros,Varey,avareyd6@epa.gov,Agender,58.55.72.141
476,Loydie,Pallis,lpallisd7@howstuffworks.com,Male,91.14.23.225
477,Matteo,Pepi,mpepid8@indiegogo.com,Male,235.98.116.105
478,Norry,Mussared,nmussaredd9@bizjournals.com,Male,131.231.80.208
479,Amabelle,Garza,agarzada@people.com.cn,Female,2.80.53.61
480,Faith,Dumblton,fdumbltondb@comsenz.com,Bigender,106.228.5.42
481,Shalne,Molan,smolandc@mac.com,Female,18.61.255.236
482,Theresita,Norbury,tnorburydd@businessweek.com,Female,165.82.115.65
483,Reine,Alders,raldersde@360.cn,Female,132.2.132.201
484,Drud,Rippin,drippindf@skyrock.com,Male,182.193.32.236
485,Lydon,Rennicks,lrennicksdg@cocolog-nifty.com,Male,195.203.1.212
486,Clarice,Grieswood,cgrieswooddh@fastcompany.com,Female,220.250.88.149
487,Dominic,Bubeer,dbubeerdi@tinypic.com,Male,39.61.211.245
488,Joelynn,Tett,jtettdj@cisco.com,Female,205.103.160.89
489,Teodora,Jagson,tjagsondk@dailymail.co.uk,Female,98.223.132.195
490,Felike,Copello,fcopellodl@walmart.com,Male,43.5.248.200
491,Viviana,Critch,vcritchdm@feedburner.com,Female,212.109.94.98
492,Hobie,Coaten,hcoatendn@utexas.edu,Male,
493,Birch,Whitlow,bwhitlowdo@nydailynews.com,Male,
494,Kenon,Fentem,kfentemdp@miitbeian.gov.cn,Male,41.146.187.110
495,Libby,Mingardo,lmingardodq@amazon.co.jp,Female,218.151.111.195
496,Ginelle,Pudan,gpudandr@squidoo.com,Female,47.206.157.151
497,Bird,Coverlyn,bcoverlynds@biblegateway.com,Female,145.33.24.59
498,Barthel,Hilley,bhilleydt@sbwire.com,Male,
499,Dukey,Tibbits,dtibbitsdu@reference.com,Male,174.51.234.70
500,Risa,Izakson,rizaksondv@oaic.gov.au,Female,252.196.21.27
501,Dodi,Sivewright,dsivewrightdw@ihg.com,Female,87.243.30.160
502,Padriac,Wythe,pwythedx@virginia.edu,Male,77.77.11.182
503,Rafaela,Yakushkin,ryakushkindy@discovery.com,Female,213.31.213.15
504,Alia,Wallage,awallagedz@gizmodo.com,Female,135.142.79.78
505,Clarence,McCraw,cmccrawe0@shareasale.com,Male,242.191.51.243
506,Sonnnie,MacAnellye,smacanellyee1@geocities.jp,Female,202.55.61.118
507,Cal,Denkel,cdenkele2@privacy.gov.au,Male,78.16.131.232
508,Carma,Bremley,cbremleye3@fastcompany.com,Female,18.139.77.247
509,Leroy,Sharpling,lsharplinge4@phpbb.com,Male,101.199.6.137
510,Elisabet,Lehrer,elehrere5@dagondesign.com,Female,58.226.131.185
511,Carmelita,Cretney,ccretneye6@csmonitor.com,Female,65.89.219.164
512,Bibbye,Deveril,bdeverile7@kickstarter.com,Female,
513,Lesley,Hiskey,lhiskeye8@wunderground.com,Male,119.65.246.243
514,Nev,Barnwell,nbarnwelle9@freewebs.com,Male,124.62.220.51
515,Edin,Jumeau,ejumeauea@google.com.au,Female,188.246.157.211
516,Ambros,Critchard,acritchardeb@usa.gov,Male,207.116.104.221
517,Dalt,Cluitt,dcluittec@si.edu,Male,144.200.14.193
518,Micki,Januszewski,mjanuszewskied@photobucket.com,Female,
519,Selig,Jewer,sjeweree@google.com,Male,
520,Bondon,Borkin,bborkinef@techcrunch.com,Male,
521,Kiah,O'Ruane,koruaneeg@flickr.com,Female,27.95.78.22
522,Shellie,Blundel,sblundeleh@wikipedia.org,Female,
523,Rancell,Ricardou,rricardouei@wp.com,Male,92.180.189.198
524,Cord,McAsgill,cmcasgillej@businesswire.com,Male,194.4.163.224
525,Ali,Aleksankin,aaleksankinek@xing.com,Male,139.228.164.27
526,Ysabel,McCurry,ymccurryel@intel.com,Female,195.84.107.224
527,Lurlene,Forber,lforberem@businessinsider.com,Female,24.242.194.131
528,Benson,Yukhtin,byukhtinen@berkeley.edu,Male,129.20.9.8
529,Camile,Welfair,cwelfaireo@springer.com,Female,239.103.223.56
530,Caesar,McIndoe,cmcindoeep@sfgate.com,Male,212.105.51.47
531,Tuck,Sessions,tsessionseq@eventbrite.com,Genderqueer,154.146.143.130
532,Ede,Mingame,emingameer@pen.io,Female,232.76.124.35
533,Laureen,Drewitt,ldrewittes@blogspot.com,Female,146.91.68.95
534,Michel,Cunningham,mcunninghamet@wufoo.com,Male,189.250.166.238
535,Bernette,Chilvers,bchilverseu@sakura.ne.jp,Female,182.46.138.137
536,Goraud,Antonnikov,gantonnikovev@google.com.hk,Male,125.3.62.0
537,Nicolai,Mogie,nmogieew@icq.com,Male,43.58.187.185
538,Guthry,Tyrwhitt,gtyrwhittex@mashable.com,Male,79.16.3.140
539,Mufi,McDougall,mmcdougalley@noaa.gov,Female,62.23.54.208
540,Scarface,Heaffey,sheaffeyez@google.de,Male,245.30.229.84
541,Kalil,Copins,kcopinsf0@technorati.com,Male,82.181.48.81
542,Letta,Heater,lheaterf1@artisteer.com,Female,250.18.38.15
543,Armstrong,Mattack,amattackf2@wikimedia.org,Male,0.225.14.111
544,Antonino,Marciek,amarciekf3@sitemeter.com,Male,213.80.101.46
545,Roarke,Eldon,reldonf4@dailymotion.com,Male,96.83.150.123
546,Kort,Boylin,kboylinf5@ycombinator.com,Male,144.4.20.46
547,Bobette,Schapero,bschaperof6@ow.ly,Female,68.134.149.215
548,Leopold,Fareweather,lfareweatherf7@paypal.com,Male,132.239.196.251
549,Mic,Malone,mmalonef8@sakura.ne.jp,Bigender,227.144.20.14
550,Hedvig,Parnham,hparnhamf9@instagram.com,Female,250.200.64.220
551,Logan,Skitt,lskittfa@dyndns.org,Male,9.244.124.5
552,Lidia,Penticost,lpenticostfb@soup.io,Female,
553,Huntlee,Olsen,holsenfc@rakuten.co.jp,Male,94.212.174.234
554,Carilyn,Stockport,cstockportfd@themeforest.net,Female,49.58.24.165
555,Theresita,Outhwaite,touthwaitefe@ucoz.ru,Female,204.130.244.157
556,Adrienne,Arton,aartonff@shutterfly.com,Female,104.181.154.135
557,Godart,Hexam,ghexamfg@wix.com,Male,32.180.9.120
558,Chico,Brandts,cbrandtsfh@wsj.com,Male,189.16.126.101
559,Camille,Barkley,cbarkleyfi@macromedia.com,Female,
560,Carole,Pierpoint,cpierpointfj@wunderground.com,Female,
561,Angelica,Brokenshaw,abrokenshawfk@yandex.ru,Genderfluid,159.86.107.76
562,Marten,Geraud,mgeraudfl@apple.com,Male,158.2.116.184
563,Minni,Selland,msellandfm@1688.com,Female,
564,Sheba,Habershaw,shabershawfn@mail.ru,Polygender,241.165.96.109
565,Steven,Clutten,scluttenfo@purevolume.com,Male,
566,Mitch,Myner,mmynerfp@home.pl,Male,84.175.85.160
567,Aldric,Olley,aolleyfq@forbes.com,Male,59.83.229.105
568,Ruby,Workes,rworkesfr@pagesperso-orange.fr,Genderfluid,40.212.57.8
569,Val,Parkisson,vparkissonfs@mysql.com,Male,77.59.92.60
570,Delinda,Grewer,dgrewerft@360.cn,Female,19.194.136.7
571,Tracie,Anger,tangerfu@usa.gov,Male,
572,Joell,Haistwell,jhaistwellfv@edublogs.org,Polygender,251.116.32.243
573,Emmalynn,Boost,eboostfw@biglobe.ne.jp,Female,94.31.158.239
574,La verne,Cicchitello,lcicchitellofx@reddit.com,Female,
575,Xever,Waite,xwaitefy@google.nl,Male,164.67.93.51
576,Roobbie,Mobberley,rmobberleyfz@tinyurl.com,Female,240.37.127.162
577,Talia,Werndly,twerndlyg0@amazonaws.com,Female,32.217.15.62
578,Meggy,Eschelle,meschelleg1@cdbaby.com,Female,169.71.121.123
579,Michel,Yeomans,myeomansg2@indiegogo.com,Male,147.112.97.111
580,Mady,Clatworthy,mclatworthyg3@craigslist.org,Female,40.7.44.12
581,Gabbie,Hrihorovich,ghrihorovichg4@cmu.edu,Female,149.21.185.132
582,Rutger,Whightman,rwhightmang5@pbs.org,Male,197.204.228.178
583,Quintin,Renyard,qrenyardg6@arizona.edu,Male,
584,Ly,Heisler,lheislerg7@studiopress.com,Male,84.154.109.13
585,Angy,De Wolfe,adewolfeg8@cocolog-nifty.com,Female,156.112.194.89
586,Georgia,Kubiak,gkubiakg9@icq.com,Bigender,
587,Odey,Wettern,owetternga@oaic.gov.au,Male,116.10.201.152
588,Tammara,Andriessen,tandriessengb@unesco.org,Female,6.143.217.86
589,Roberta,Tue,rtuegc@ibm.com,Polygender,119.195.140.198
590,Niall,Biagini,nbiaginigd@topsy.com,Genderfluid,
591,Penny,Pentony,ppentonyge@facebook.com,Male,198.235.82.129
592,Pavel,Hammersley,phammersleygf@biblegateway.com,Male,155.182.247.41
593,Benoite,Valens-Smith,bvalenssmithgg@hatena.ne.jp,Female,45.143.146.72
594,Blondell,Timoney,btimoneygh@tamu.edu,Female,156.102.162.24
595,Lionello,Lettson,llettsongi@homestead.com,Male,81.234.94.238
596,Moss,Bagott,mbagottgj@cloudflare.com,Male,
597,Zorana,Herreros,zherrerosgk@nbcnews.com,Female,187.131.135.10
598,Jacobo,Aymeric,jaymericgl@cdc.gov,Bigender,18.172.220.16
599,Aili,Vayne,avaynegm@weebly.com,Bigender,
600,Gaile,Margach,gmargachgn@mayoclinic.com,Male,64.189.136.251
601,Guinna,Iglesia,giglesiago@last.fm,Female,126.28.103.155
602,Kellby,Cocozza,kcocozzagp@ebay.co.uk,Male,59.158.96.6
603,Jan,Matthiae,jmatthiaegq@hibu.com,Female,137.217.174.12
604,Claudetta,Iacomi,ciacomigr@example.com,Genderqueer,17.229.212.129
605,Anetta,Cheeney,acheeneygs@jimdo.com,Female,150.177.161.122
606,Thomasa,Frye,tfryegt@nhs.uk,Female,218.166.213.3
607,Marcus,Butten,mbuttengu@toplist.cz,Male,5.60.31.192
608,Nonah,Oxterby,noxterbygv@vkontakte.ru,Female,164.35.115.160
609,Saundra,Vanyukhin,svanyukhingw@123-reg.co.uk,Male,9.51.156.215
610,Savina,Calven,scalvengx@columbia.edu,Female,193.13.144.203
611,Bartolemo,Hucks,bhucksgy@sciencedirect.com,Male,
612,Donall,Sainteau,dsainteaugz@java.com,Male,115.242.34.6
613,Judy,Garland,jgarlandh0@wiley.com,Female,5.109.7.191
614,Rochelle,Gunner,rgunnerh1@wufoo.com,Female,33.103.50.254
615,Dare,Kalaher,dkalaherh2@unblog.fr,Bigender,76.177.165.251
616,Cozmo,Seal,csealh3@virginia.edu,Male,238.78.169.201
617,Enoch,Kenyon,ekenyonh4@issuu.com,Male,176.104.223.253
618,Erena,Struttman,estruttmanh5@storify.com,Female,209.119.65.210
619,Lyndsie,Sorrie,lsorrieh6@list-manage.com,Female,56.37.81.185
620,Wylma,Harvey,wharveyh7@typepad.com,Female,102.184.196.179
621,Meta,Doyley,mdoyleyh8@yahoo.co.jp,Female,114.212.148.135
622,Elwin,Owttrim,eowttrimh9@comsenz.com,Agender,44.226.198.208
623,Pat,Bimson,pbimsonha@globo.com,Male,203.49.143.117
624,Hedvig,Coltherd,hcoltherdhb@devhub.com,Female,139.192.103.36
625,Gerhard,Robic,grobichc@ustream.tv,Male,
626,Moses,Itzik,mitzikhd@jiathis.com,Male,252.72.6.125
627,Aida,Stollwerk,astollwerkhe@mail.ru,Female,143.196.109.113
628,Kile,Liddel,kliddelhf@weebly.com,Male,237.77.17.132
629,Renaldo,Halm,rhalmhg@vistaprint.com,Male,46.108.255.208
630,Dianna,Coogan,dcooganhh@google.ru,Female,53.56.43.215
631,Vivianne,Stockow,vstockowhi@patch.com,Female,196.21.121.66
632,Junette,Lambswood,jlambswoodhj@e-recht24.de,Female,84.152.12.38
633,Hew,Mollene,hmollenehk@discovery.com,Male,226.26.42.97
634,Cosme,Hinks,chinkshl@nytimes.com,Male,33.49.240.14
635,Buddy,Causby,bcausbyhm@noaa.gov,Male,130.8.74.225
636,Constantin,Brason,cbrasonhn@ucoz.ru,Male,10.240.25.152
637,Durward,Durkin,ddurkinho@google.ca,Male,21.27.199.104
638,Rowena,McConaghy,rmcconaghyhp@fema.gov,Female,124.101.54.136
639,Cy,Lytle,clytlehq@posterous.com,Male,
640,Mohandis,Stormont,mstormonthr@com.com,Genderfluid,145.133.48.171
641,Doretta,Tewkesbury.,dtewkesburyhs@wikipedia.org,Female,
642,Sheelagh,Spurgin,sspurginht@paginegialle.it,Female,12.48.80.163
643,Jarret,Crother,jcrotherhu@google.co.uk,Male,
644,Desmund,Lemonnier,dlemonnierhv@timesonline.co.uk,Male,
645,Moritz,Wilderspoon,mwilderspoonhw@digg.com,Male,168.111.47.125
646,Ermengarde,Drogan,edroganhx@zdnet.com,Female,
647,Murial,Sharrem,msharremhy@google.com.au,Female,91.143.154.218
648,Lilla,Martusov,lmartusovhz@parallels.com,Genderfluid,35.137.107.100
649,Mario,Charer,mchareri0@home.pl,Male,247.255.133.31
650,Rock,Grim,rgrimi1@amazon.co.jp,Male,140.98.231.243
651,Kevon,Keepin,kkeepini2@merriam-webster.com,Non-binary,92.1.202.82
652,Caspar,Quarlis,cquarlisi3@topsy.com,Male,212.199.59.96
653,Darla,Clearie,dcleariei4@163.com,Female,0.68.238.65
654,Darryl,Mundow,dmundowi5@ifeng.com,Male,249.193.41.151
655,Caitrin,Wiffill,cwiffilli6@github.io,Female,167.127.56.175
656,Britni,Sprules,bsprulesi7@paginegialle.it,Female,207.120.222.154
657,Rufus,Brugemann,rbrugemanni8@cbsnews.com,Male,159.170.189.6
658,Wiatt,Parslow,wparslowi9@prweb.com,Male,14.250.247.241
659,Claribel,Biggs,cbiggsia@hao123.com,Female,158.90.193.215
660,Sergei,Joutapaitis,sjoutapaitisib@ft.com,Male,
661,Charis,Dallman,cdallmanic@google.com.au,Female,
662,Cirilo,Allison,callisonid@parallels.com,Male,52.45.135.228
663,Lishe,Adhams,ladhamsie@alibaba.com,Female,114.232.134.179
664,Florenza,Grimm,fgrimmif@storify.com,Female,
665,Jameson,Loughan,jloughanig@pcworld.com,Male,232.20.212.251
666,Lester,Atcheson,latchesonih@aol.com,Male,
667,Barde,Tippetts,btippettsii@dell.com,Male,49.96.138.230
668,Gram,Danilyuk,gdanilyukij@ifeng.com,Male,214.146.4.96
669,Ban,Froud,bfroudik@nifty.com,Male,135.202.73.16
670,Bryant,Jarrett,bjarrettil@live.com,Male,
671,Sigismond,Flynn,sflynnim@tiny.cc,Male,248.175.110.165
672,Miriam,Northbridge,mnorthbridgein@xing.com,Female,240.57.222.17
673,Fair,Sanday,fsandayio@bigcartel.com,Male,144.97.161.68
674,Angelique,Frackiewicz,afrackiewiczip@google.fr,Non-binary,3.90.8.199
675,Gage,MacRury,gmacruryiq@accuweather.com,Male,109.56.116.219
676,Kelwin,Napthine,knapthineir@pen.io,Male,207.112.93.76
677,Laurence,Treace,ltreaceis@baidu.com,Male,224.141.178.40
678,Osbourn,Studde,ostuddeit@un.org,Male,142.205.253.183
679,Rosana,Walkey,rwalkeyiu@sitemeter.com,Female,
680,Shoshana,Nabarro,snabarroiv@gnu.org,Female,123.165.184.55
681,Karna,Cownden,kcowndeniw@tumblr.com,Female,47.114.153.111
682,Melicent,Underwood,munderwoodix@shareasale.com,Female,28.208.70.44
683,Zachariah,Habden,zhabdeniy@mozilla.org,Male,213.216.239.101
684,Meris,Ketchen,mketcheniz@1688.com,Female,137.141.78.28
685,Cecil,Fery,cferyj0@digg.com,Bigender,111.123.3.221
686,Kordula,O'Kenny,kokennyj1@geocities.jp,Female,187.104.56.165
687,Gustavus,Dulson,gdulsonj2@blogtalkradio.com,Male,174.41.25.147
688,Jerrome,Okenden,jokendenj3@freewebs.com,Male,51.240.16.232
689,Adams,Fakeley,afakeleyj4@hibu.com,Male,15.121.153.243
690,Steve,Impy,simpyj5@altervista.org,Male,102.203.96.224
691,Kile,Caslane,kcaslanej6@sina.com.cn,Male,19.246.120.30
692,Simona,Klemke,sklemkej7@hc360.com,Female,85.135.231.119
693,Hester,Gullick,hgullickj8@kickstarter.com,Female,20.10.53.56
694,Armand,Cartmel,acartmelj9@techcrunch.com,Male,156.162.64.145
695,Miguel,Mathes,mmathesja@thetimes.co.uk,Male,7.96.5.105
696,Seth,Bradbrook,sbradbrookjb@ebay.co.uk,Male,
697,Roxanna,De Giorgio,rdegiorgiojc@acquirethisname.com,Genderqueer,221.207.2.192
698,Rebekkah,Veness,rvenessjd@dion.ne.jp,Female,215.83.243.50
699,Jamima,Woollhead,jwoollheadje@sogou.com,Female,234.241.59.251
700,Derby,O'Kenny,dokennyjf@so-net.ne.jp,Male,
701,Karim,Paoli,kpaolijg@diigo.com,Male,22.61.166.209
702,Johannes,Itzkovich,jitzkovichjh@nba.com,Male,
703,Farr,Heinke,fheinkeji@chronoengine.com,Non-binary,202.49.32.198
704,Nicol,Mac Geaney,nmacgeaneyjj@fda.gov,Polygender,115.96.86.247
705,Chrystel,Studdert,cstuddertjk@hexun.com,Female,
706,Orland,Knightsbridge,oknightsbridgejl@stumbleupon.com,Male,
707,Ashton,Labusch,alabuschjm@mozilla.com,Agender,
708,Sarene,Krysztofiak,skrysztofiakjn@sun.com,Female,56.143.196.72
709,Adrien,Gorman,agormanjo@gravatar.com,Male,140.101.157.114
710,Mauricio,Middlehurst,mmiddlehurstjp@timesonline.co.uk,Male,
711,Carlyle,Klimushev,cklimushevjq@com.com,Male,
712,Auguste,Guterson,agutersonjr@smh.com.au,Female,
713,Sarajane,Mein,smeinjs@devhub.com,Female,2.212.168.124
714,Giuseppe,Duffree,gduffreejt@reuters.com,Male,131.78.100.227
715,Dimitry,Chalfant,dchalfantju@dailymotion.com,Male,239.108.147.225
716,Jethro,Skingley,jskingleyjv@naver.com,Male,148.227.106.245
717,Janice,Wathall,jwathalljw@accuweather.com,Female,203.109.0.235
718,Wileen,Fanstone,wfanstonejx@pen.io,Female,61.222.63.33
719,Eleonore,Gahagan,egahaganjy@abc.net.au,Non-binary,138.235.56.225
720,Pearce,Ollarenshaw,pollarenshawjz@comsenz.com,Non-binary,20.25.199.162
721,Jarib,Tallis,jtallisk0@creativecommons.org,Male,21.220.90.192
722,Killie,Domm,kdommk1@github.io,Male,185.139.222.100
723,Codie,Gelland,cgellandk2@ezinearticles.com,Male,68.237.102.20
724,Marylynne,McGrory,mmcgroryk3@comcast.net,Female,
725,Barnard,Snodin,bsnodink4@comsenz.com,Male,
726,Bron,Lelliott,blelliottk5@intel.com,Male,88.251.23.112
727,Nata,Harradence,nharradencek6@topsy.com,Female,239.249.250.231
728,Brenda,Danaher,bdanaherk7@php.net,Female,
729,Kandy,Breeton,kbreetonk8@is.gd,Female,42.195.21.70
730,Olly,Griffoen,ogriffoenk9@addthis.com,Female,30.19.161.137
731,Derron,Crummay,dcrummayka@umich.edu,Genderqueer,
732,Thorin,Coaten,tcoatenkb@statcounter.com,Male,0.213.82.66
733,Marja,Couch,mcouchkc@house.gov,Female,20.12.240.183
734,Joey,Rennels,jrennelskd@jigsy.com,Male,110.251.116.224
735,Norrie,Hablot,nhablotke@msn.com,Male,12.60.174.108
736,Dino,St. Ledger,dstledgerkf@ow.ly,Male,174.35.23.246
737,Francyne,Matuska,fmatuskakg@reverbnation.com,Female,
738,Amelina,Fotheringham,afotheringhamkh@github.com,Agender,23.211.114.36
739,Candace,Cloke,cclokeki@soundcloud.com,Female,249.1.171.43
740,Theresa,Hanalan,thanalankj@earthlink.net,Female,185.189.129.226
741,Son,Dashkovich,sdashkovichkk@unc.edu,Male,127.153.212.150
742,Anthea,McGowing,amcgowingkl@gmpg.org,Female,130.77.232.242
743,Ronni,Peskin,rpeskinkm@ca.gov,Female,214.82.249.4
744,Crin,Cosgrave,ccosgravekn@shop-pro.jp,Female,
745,Tamar,Blindt,tblindtko@earthlink.net,Female,220.28.128.5
746,Loutitia,Peddel,lpeddelkp@shinystat.com,Female,163.140.222.135
747,Dukey,Hewlings,dhewlingskq@shutterfly.com,Male,92.57.10.177
748,Rowen,Pochon,rpochonkr@wufoo.com,Male,
749,Dee,Fullylove,dfullyloveks@fotki.com,Genderqueer,6.49.194.135
750,Vincents,Ericssen,vericssenkt@de.vu,Male,224.155.35.71
751,Emmott,Batterton,ebattertonku@archive.org,Male,239.88.3.69
752,Hilliard,Tomasutti,htomasuttikv@privacy.gov.au,Male,
753,Kerry,Girth,kgirthkw@princeton.edu,Male,
754,Ingamar,Bondy,ibondykx@loc.gov,Male,83.174.50.36
755,Rafael,Buzzing,rbuzzingky@auda.org.au,Male,39.37.127.224
756,Amberly,Truelove,atruelovekz@fc2.com,Female,68.75.0.243
757,Alta,Biaggetti,abiaggettil0@tinyurl.com,Female,165.38.113.220
758,Carolyne,Skea,cskeal1@tripod.com,Female,79.71.40.253
759,Marcel,Barnaclough,mbarnacloughl2@amazon.co.uk,Male,218.102.125.133
760,Carin,MacMechan,cmacmechanl3@google.co.jp,Female,110.231.229.202
761,Nat,Cudworth,ncudworthl4@youtu.be,Male,146.64.71.59
762,Vaughan,Gyorgy,vgyorgyl5@google.co.uk,Male,161.91.60.141
763,Perry,Prentice,pprenticel6@theguardian.com,Male,
764,Alleyn,Kingsnorth,akingsnorthl7@jalbum.net,Male,
765,Zacharia,Tarbatt,ztarbattl8@technorati.com,Male,50.161.211.246
766,Ellsworth,McDougall,emcdougalll9@macromedia.com,Male,164.191.246.119
767,Hinze,Schulkins,hschulkinsla@lulu.com,Polygender,65.177.72.243
768,Caleb,Yegorkov,cyegorkovlb@spotify.com,Male,
769,Mel,Stamper,mstamperlc@booking.com,Male,220.60.190.205
770,Kaiser,Turfin,kturfinld@prlog.org,Male,
771,Hadria,Kruse,hkrusele@hexun.com,Female,113.17.231.119
772,Rutger,Tutt,rtuttlf@who.int,Bigender,183.113.134.227
773,Malory,Assiter,massiterlg@desdev.cn,Female,3.217.80.23
774,Rogerio,Weyman,rweymanlh@answers.com,Male,45.64.100.224
775,Albie,Genny,agennyli@mysql.com,Male,141.82.252.53
776,Maggie,Pyner,mpynerlj@loc.gov,Non-binary,
777,Yorgos,Strickett,ystrickettlk@rambler.ru,Male,6.104.103.142
778,Cass,Paradin,cparadinll@t.co,Male,
779,Rani,McCrone,rmccronelm@naver.com,Female,199.8.0.254
780,Pammi,Burch,pburchln@rakuten.co.jp,Female,36.2.41.52
781,Red,L'Episcopi,rlepiscopilo@arstechnica.com,Agender,70.54.246.148
782,Adolph,Mc Gee,amcgeelp@springer.com,Male,33.184.71.91
783,Charil,Fairholme,cfairholmelq@ca.gov,Female,111.139.146.57
784,Ibrahim,Teape,iteapelr@flavors.me,Male,133.173.19.226
785,Gherardo,Brussels,gbrusselsls@npr.org,Agender,231.32.227.210
786,Nonnah,Cockram,ncockramlt@fastcompany.com,Female,194.240.97.43
787,Alberto,McAreavey,amcareaveylu@diigo.com,Male,98.169.10.251
788,Cyb,Peirson,cpeirsonlv@marriott.com,Female,255.155.13.194
789,Rose,Potten,rpottenlw@delicious.com,Female,144.116.229.167
790,Spenser,Thake,sthakelx@rambler.ru,Male,41.112.251.199
791,Bail,Lingner,blingnerly@ovh.net,Male,81.166.69.78
792,Man,Emnoney,memnoneylz@pbs.org,Male,221.108.154.246
793,Mason,Denniss,mdennissm0@miitbeian.gov.cn,Male,88.140.247.225
794,Quincey,Union,qunionm1@nature.com,Male,29.238.144.240
795,Jennee,Goseling,jgoselingm2@tinyurl.com,Non-binary,147.180.237.120
796,Fedora,Ing,fingm3@independent.co.uk,Female,
797,Patton,Kirby,pkirbym4@ycombinator.com,Male,90.213.31.176
798,Horst,Franseco,hfransecom5@vk.com,Non-binary,167.76.121.89
799,Gracie,Heffy,gheffym6@naver.com,Female,
800,Annamarie,Lechmere,alechmerem7@newyorker.com,Female,
801,Karel,McTrustram,kmctrustramm8@freewebs.com,Male,207.63.202.247
802,Leonanie,Cyphus,lcyphusm9@senate.gov,Female,69.158.197.103
803,Marlena,Fruchon,mfruchonma@intel.com,Female,68.69.174.82
804,Em,Issac,eissacmb@state.tx.us,Male,147.225.216.93
805,Gwynne,Austins,gaustinsmc@ow.ly,Female,104.161.167.1
806,Stepha,Dyzart,sdyzartmd@bloomberg.com,Female,95.9.128.190
807,Mikol,Checcucci,mcheccuccime@arstechnica.com,Male,131.24.52.245
808,Langston,Smeuin,lsmeuinmf@list-manage.com,Male,198.54.9.83
809,Dicky,Scourgie,dscourgiemg@ihg.com,Male,
810,Ana,Sphinxe,asphinxemh@redcross.org,Genderfluid,
811,Eloisa,Madgwick,emadgwickmi@wordpress.com,Female,148.103.152.222
812,Bethany,Itscovitz,bitscovitzmj@nps.gov,Female,
813,Jilli,Stowell,jstowellmk@msn.com,Polygender,
814,Lavina,Jopling,ljoplingml@jigsy.com,Female,161.233.79.51
815,Margette,Thredder,mthreddermm@economist.com,Genderfluid,200.117.177.225
816,Lenna,Caswill,lcaswillmn@cnn.com,Female,23.25.212.36
817,Waiter,Cranage,wcranagemo@dion.ne.jp,Male,161.8.40.145
818,Ginger,Brinkley,gbrinkleymp@virginia.edu,Male,109.84.195.141
819,Jacques,Faiers,jfaiersmq@yahoo.com,Male,
820,Benn,Litton,blittonmr@instagram.com,Male,
821,Creight,Ollcott,collcottms@51.la,Male,227.238.132.160
822,Bradford,Kinman,bkinmanmt@arstechnica.com,Male,93.10.166.124
823,Jaye,Bernucci,jbernuccimu@cafepress.com,Male,89.215.149.72
824,Thelma,Rubert,trubertmv@csmonitor.com,Female,
825,Dannie,Cousans,dcousansmw@devhub.com,Male,113.6.141.5
826,Ebonee,McCafferky,emccafferkymx@europa.eu,Female,181.17.44.199
827,Kirsti,Soane,ksoanemy@slashdot.org,Bigender,209.198.149.191
828,Cob,Giacobo,cgiacobomz@friendfeed.com,Male,11.166.50.253
829,Emyle,Cone,econen0@time.com,Female,242.108.205.87
830,Karly,Pattingson,kpattingsonn1@twitpic.com,Female,126.68.208.30
831,Bailie,Daborne,bdabornen2@wikimedia.org,Bigender,65.44.45.119
832,Cherlyn,Robel,crobeln3@independent.co.uk,Female,222.217.223.144
833,Jerad,Goakes,jgoakesn4@ebay.co.uk,Male,
834,Townie,Giovanardi,tgiovanardin5@icq.com,Male,221.134.17.103
835,Tyne,Jovovic,tjovovicn6@slate.com,Female,155.25.143.237
836,Carola,Lavrick,clavrickn7@stanford.edu,Female,
837,Baily,Syncke,bsyncken8@t.co,Male,137.214.10.91
838,Erminia,Flaunders,eflaundersn9@privacy.gov.au,Female,
839,Tammie,Bezants,tbezantsna@eventbrite.com,Genderfluid,121.90.210.163
840,Trixy,Janousek,tjanouseknb@so-net.ne.jp,Female,
841,Yorker,Sewards,ysewardsnc@gmpg.org,Male,116.18.143.101
842,Nelia,Ellesworthe,nellesworthend@geocities.com,Female,79.192.77.14
843,Lita,Dupoy,ldupoyne@virginia.edu,Genderqueer,213.143.74.4
844,Ailey,Ash,aashnf@usatoday.com,Polygender,245.26.74.190
845,Trumann,Powley,tpowleyng@quantcast.com,Male,
846,Ingrim,Ferraretto,iferrarettonh@howstuffworks.com,Male,219.242.101.206
847,Shayla,Woodberry,swoodberryni@patch.com,Female,100.40.169.63
848,Den,Scargle,dscarglenj@51.la,Male,93.34.89.102
849,Seamus,Brierton,sbriertonnk@umich.edu,Agender,72.24.22.166
850,Calla,Creeber,ccreebernl@csmonitor.com,Female,
851,Rurik,McConnal,rmcconnalnm@usatoday.com,Male,
852,Ricky,Ernshaw,rernshawnn@ehow.com,Male,168.219.147.227
853,Skye,Kiernan,skiernanno@vistaprint.com,Male,68.142.251.217
854,Adair,Garford,agarfordnp@businessinsider.com,Agender,187.49.231.15
855,Miran,Antoniazzi,mantoniazzinq@zdnet.com,Female,193.231.217.180
856,Kim,Biaggetti,kbiaggettinr@paypal.com,Polygender,134.50.91.24
857,Clyve,Follit,cfollitns@mlb.com,Male,55.100.22.239
858,Adham,Riddel,ariddelnt@taobao.com,Male,175.151.162.69
859,Amery,Hamberston,ahamberstonnu@umich.edu,Male,72.214.255.104
860,Alfi,Goldes,agoldesnv@mozilla.com,Female,148.229.216.212
861,Jack,Gromley,jgromleynw@wiley.com,Male,184.10.250.47
862,Bettye,Doget,bdogetnx@cafepress.com,Female,13.250.141.104
863,Aurel,Gaskal,agaskalny@a8.net,Female,23.96.180.239
864,Merrilee,Waye,mwayenz@reuters.com,Female,31.200.54.139
865,Brandyn,Troup,btroupo0@theglobeandmail.com,Male,22.173.102.26
866,Alvira,Ryles,aryleso1@php.net,Female,54.161.140.145
867,Isak,Greder,igredero2@mit.edu,Male,31.89.192.175
868,Corby,Sprowle,csprowleo3@gmpg.org,Male,189.211.149.235
869,Baily,Agus,baguso4@canalblog.com,Agender,
870,Maria,Dench,mdencho5@wisc.edu,Female,163.161.199.43
871,Izzy,Drable,idrableo6@twitter.com,Male,98.219.46.104
872,Vito,Londsdale,vlondsdaleo7@delicious.com,Male,161.138.219.173
873,Ray,Trudgeon,rtrudgeono8@ning.com,Male,
874,Nicky,Hubbock,nhubbocko9@cpanel.net,Genderqueer,
875,Rutherford,Dominico,rdominicooa@mapy.cz,Male,148.6.138.65
876,Floyd,Rubenczyk,frubenczykob@cnn.com,Male,121.87.177.194
877,Etti,Arber,earberoc@prlog.org,Female,
878,Bram,Woodvine,bwoodvineod@hp.com,Male,151.253.216.216
879,Aleece,Denham,adenhamoe@theglobeandmail.com,Non-binary,140.59.150.31
880,Concettina,Baterip,cbateripof@bing.com,Female,10.149.117.214
881,Chilton,Claus,cclausog@virginia.edu,Male,214.223.201.35
882,Elsa,Gayther,egaytheroh@shutterfly.com,Polygender,184.195.82.98
883,Christoph,Gindghill,cgindghilloi@whitehouse.gov,Male,89.11.91.103
884,Shannon,Cayley,scayleyoj@washington.edu,Female,109.124.41.69
885,Shanta,Haseman,shasemanok@sphinn.com,Genderfluid,59.49.118.236
886,Ilse,Dudden,iduddenol@usgs.gov,Female,
887,Rafaellle,Poon,rpoonom@studiopress.com,Male,150.129.162.154
888,Irwin,Tallquist,itallquiston@globo.com,Male,184.228.221.176
889,Henrik,Capoun,hcapounoo@rakuten.co.jp,Male,249.138.113.87
890,Flossi,Fletcher,ffletcherop@usatoday.com,Female,23.40.32.26
891,Ally,Barnson,abarnsonoq@arstechnica.com,Genderqueer,4.134.22.193
892,Donalt,Burdikin,dburdikinor@harvard.edu,Male,156.157.153.236
893,Isabelle,Luff,iluffos@huffingtonpost.com,Female,233.186.186.3
894,Tiena,Crothers,tcrothersot@nytimes.com,Female,196.132.75.93
895,Claudie,Urling,curlingou@tripadvisor.com,Female,146.175.233.83
896,Andros,Samber,asamberov@csmonitor.com,Male,148.9.14.164
897,Pauli,Howse,phowseow@freewebs.com,Female,49.207.208.34
898,Shanta,Paaso,spaasoox@plala.or.jp,Female,
899,Ritchie,Hargroves,rhargrovesoy@qq.com,Genderfluid,180.119.152.185
900,Annecorinne,Brenstuhl,abrenstuhloz@eventbrite.com,Female,28.174.227.210
901,Diandra,Valler,dvallerp0@icio.us,Female,245.182.215.131
902,Broddie,Faulder,bfaulderp1@wsj.com,Male,
903,Emylee,Gogie,egogiep2@youtube.com,Female,86.183.199.20
904,Jacques,Pawle,jpawlep3@webeden.co.uk,Male,219.41.177.22
905,Demeter,Levin,dlevinp4@liveinternet.ru,Female,128.137.125.167
906,Rafi,Doogue,rdooguep5@va.gov,Male,184.23.147.41
907,Pete,Terbruggen,pterbruggenp6@edublogs.org,Male,151.188.159.50
908,Gill,Boutellier,gboutellierp7@4shared.com,Male,
909,Bartel,Graundisson,bgraundissonp8@chicagotribune.com,Male,35.48.98.193
910,Ibbie,Tuffin,ituffinp9@instagram.com,Female,227.141.28.172
911,Colline,Epelett,cepelettpa@gnu.org,Female,71.130.29.4
912,Otto,Bartolomeo,obartolomeopb@paypal.com,Male,83.110.25.204
913,Lyndy,Cradoc,lcradocpc@netlog.com,Female,
914,Timi,De Castri,tdecastripd@sogou.com,Female,87.250.178.185
915,Ibby,Woolvin,iwoolvinpe@vinaora.com,Non-binary,179.229.120.149
916,Crissie,Ablett,cablettpf@phpbb.com,Female,
917,Dorelia,Raulin,draulinpg@networkadvertising.org,Female,
918,Gus,Kepling,gkeplingph@php.net,Genderfluid,126.112.111.120
919,Winthrop,Warrener,wwarrenerpi@utexas.edu,Male,189.247.142.14
920,Marcel,Wetherell,mwetherellpj@google.ru,Male,
921,Suzanne,Andrzejewski,sandrzejewskipk@4shared.com,Female,65.102.68.103
922,Eugenius,Freddi,efreddipl@telegraph.co.uk,Agender,
923,Maris,Borg,mborgpm@umich.edu,Female,243.6.210.87
924,Cull,Tompkins,ctompkinspn@posterous.com,Male,139.240.155.115
925,Caritta,Brason,cbrasonpo@nbcnews.com,Female,
926,Korry,Wilkie,kwilkiepp@merriam-webster.com,Female,
927,Nessy,Breslane,nbreslanepq@uiuc.edu,Female,157.151.46.72
928,Teodoor,Berkowitz,tberkowitzpr@booking.com,Genderfluid,121.93.133.206
929,Gunter,Scoggan,gscogganps@foxnews.com,Male,226.248.222.210
930,Edwin,Gronw,egronwpt@ovh.net,Male,51.83.121.203
931,Alexio,Kitchiner,akitchinerpu@furl.net,Male,5.211.125.154
932,Regan,Flockhart,rflockhartpv@dailymail.co.uk,Female,194.49.52.218
933,Reginald,Sturm,rsturmpw@squidoo.com,Male,
934,Bibbie,Lambin,blambinpx@trellian.com,Non-binary,242.188.219.97
935,Petrina,Garrick,pgarrickpy@posterous.com,Female,181.90.72.228
936,Hallie,Antonias,hantoniaspz@arizona.edu,Female,
937,Rolando,Buttress,rbuttressq0@flickr.com,Male,152.101.50.143
938,Stanly,Colomb,scolombq1@vk.com,Male,226.237.128.203
939,Ezra,Loudon,eloudonq2@businesswire.com,Genderqueer,212.221.196.180
940,Hymie,Sage,hsageq3@google.co.jp,Agender,200.113.2.87
941,Charlot,McCrea,cmccreaq4@omniture.com,Bigender,
942,Madelin,Tarr,mtarrq5@baidu.com,Female,137.20.100.249
943,Olin,Learmouth,olearmouthq6@squidoo.com,Male,
944,Jacklyn,Cragg,jcraggq7@google.co.uk,Female,
945,Jarvis,Loudiane,jloudianeq8@umich.edu,Male,149.138.97.248
946,Leicester,Izatt,lizattq9@ustream.tv,Male,38.212.226.14
947,Hedi,Gregoretti,hgregorettiqa@senate.gov,Female,220.26.207.72
948,Mariska,Ruske,mruskeqb@booking.com,Female,
949,Garner,Slobom,gslobomqc@bluehost.com,Male,
950,Wynn,Charker,wcharkerqd@hugedomains.com,Non-binary,
951,Estrellita,Cuseck,ecuseckqe@ebay.co.uk,Female,31.225.135.124
952,Pacorro,Terzza,pterzzaqf@cnbc.com,Male,56.16.41.238
953,Marlene,Ruddiforth,mruddiforthqg@google.com.au,Female,51.31.47.124
954,Abbey,Youde,ayoudeqh@netscape.com,Male,86.252.181.30
955,Annette,Blanchet,ablanchetqi@issuu.com,Polygender,
956,Byrom,Cadwallader,bcadwalladerqj@salon.com,Male,36.120.119.27
957,Yuri,Carless,ycarlessqk@hc360.com,Male,179.133.148.207
958,Lenora,Ralph,lralphql@huffingtonpost.com,Female,
959,Auberon,MacMenemy,amacmenemyqm@comsenz.com,Male,81.203.240.160
960,Lesley,Saltern,lsalternqn@nifty.com,Male,40.102.31.235
961,Karlene,Stonbridge,kstonbridgeqo@dion.ne.jp,Female,
962,Duky,Terrans,dterransqp@wordpress.org,Male,90.217.243.97
963,Ebonee,Plumb,eplumbqq@webeden.co.uk,Female,111.203.28.147
964,Maddie,Jelliman,mjellimanqr@odnoklassniki.ru,Male,
965,Ailene,Vannet,avannetqs@sun.com,Female,
966,Tricia,Riddler,triddlerqt@odnoklassniki.ru,Female,46.72.45.231
967,Kingston,Wardle,kwardlequ@multiply.com,Male,178.163.243.164
968,Priscilla,Thorald,pthoraldqv@linkedin.com,Female,14.68.205.160
969,Richmound,Caret,rcaretqw@cbc.ca,Male,
970,Clio,Janodet,cjanodetqx@redcross.org,Female,142.237.57.26
971,Madelyn,Horrod,mhorrodqy@npr.org,Female,
972,Erin,Pressdee,epressdeeqz@reddit.com,Female,145.189.96.44
973,Shel,Stollhofer,sstollhoferr0@bloomberg.com,Female,216.207.234.48
974,Darby,Shovell,dshovellr1@clickbank.net,Male,
975,Jacquette,Sappy,jsappyr2@china.com.cn,Female,
976,Van,McCooke,vmccooker3@meetup.com,Male,230.166.156.132
977,Jeanette,D'Abbot-Doyle,jdabbotdoyler4@elpais.com,Female,34.220.117.115
978,Andeee,Village,avillager5@berkeley.edu,Genderfluid,
979,Doralin,Slym,dslymr6@yahoo.com,Female,
980,Alex,Felix,afelixr7@fc2.com,Male,
981,Tansy,Sandbatch,tsandbatchr8@latimes.com,Bigender,57.146.127.37
982,Chaddie,Leask,cleaskr9@twitpic.com,Male,
983,Perren,Franzewitch,pfranzewitchra@nyu.edu,Male,184.119.35.38
984,Hanna,Manvell,hmanvellrb@github.com,Female,171.108.78.131
985,Mozes,Kondratenya,mkondratenyarc@csmonitor.com,Male,201.204.188.149
986,Chrystal,Manlow,cmanlowrd@irs.gov,Polygender,158.163.121.88
987,Elsbeth,Winch,ewinchre@nytimes.com,Female,187.59.89.209
988,Idell,Balderson,ibaldersonrf@ucoz.com,Female,219.164.241.58
989,Darleen,Cromly,dcromlyrg@craigslist.org,Female,
990,Tildi,MacFadin,tmacfadinrh@topsy.com,Female,180.34.63.105
991,Elwood,Caw,ecawri@furl.net,Male,62.37.120.189
992,Aura,Sellar,asellarrj@feedburner.com,Female,189.132.122.250
993,Tull,Page,tpagerk@cbsnews.com,Male,218.79.83.171
994,Anne,Lanaway,alanawayrl@youku.com,Female,183.39.115.29
995,Marcelo,Renwick,mrenwickrm@state.gov,Male,171.45.146.99
996,Dore,De Fraine,ddefrainern@statcounter.com,Male,101.147.83.65
997,Tamera,Marzella,tmarzellaro@odnoklassniki.ru,Female,62.193.131.20
998,Bill,Killingworth,bkillingworthrp@cafepress.com,Female,125.153.236.230
999,Pearce,Pasquale,ppasqualerq@feedburner.com,Male,
1000,Nickie,Ghelardoni,nghelardonirr@berkeley.edu,Male,
